{"Compteur":16000,"Teacher":[{"matricule":"LUR","Salary":0,"Firstname":"Quentin","Lastname":"Lurkin"},{"matricule":"CBF","Salary":0,"Firstname":"Sebastien","Lastname":"Combéfis"}],"Activity":[{"ECTS":6,"Name":"poo","Code":"2030","Professeur":"LUR"},{"ECTS":6,"Name":"pi","Code":"2130","Professeur":"CBF"}],"Student":[{"matricule":14055,"Firstname":"Saikou","Lastname":"Barry"},{"matricule":14155,"Firstname":"Guy","Lastname":"Momo"},{"matricule":16000,"Firstname":"Cena","Lastname":"Jhon"}],"Bulletin":[{"Code":"2030","Type":"grade","Eleve":"14055","Note":"18"},{"Code":"2130","Type":"appreciation","Eleve":"14055","Note":"N"},{"Code":"2130","Type":"grade","Eleve":"14155","Note":"15"},{"Code":"2030","Type":"appreciation","Eleve":"14155","Note":"TB"}]}
